Unnamed: 0,crim,zn,indus,chas,nox,rm,age,dis,rad,tax,ptratio,black,lstat,medv
1,0.00632,18.0,2.31,0,0.538,6.575,0.6416065911431514,4.09,1,296,15.3,396.9,4.98,0.4222222222222222
2,0.02731,0.0,7.07,0,0.469,6.421,0.7826982492276005,4.9671,2,242,17.8,396.9,9.14,0.36888888888888893
3,0.02729,0.0,7.07,0,0.469,7.185,0.5993820803295572,4.9671,2,242,17.8,392.83,4.03,0.66
4,0.03237,0.0,2.18,0,0.458,6.998,0.44181256436663235,6.0622,3,222,18.7,394.63,2.94,0.6311111111111111
5,0.06905,0.0,2.18,0,0.458,7.147,0.5283213182286303,6.0622,3,222,18.7,396.9,5.33,0.6933333333333334
6,0.02985,0.0,2.18,0,0.458,6.43,0.5746652935118435,6.0622,3,222,18.7,394.12,5.21,0.5266666666666666
7,0.08829,12.5,7.87,0,0.524,6.012,0.6560247167868176,5.5605,5,311,15.2,395.6,12.43,0.39777777777777773
8,0.14455,12.5,7.87,0,0.524,6.172,0.9598352214212151,5.9505,5,311,15.2,396.9,19.15,0.4911111111111112
9,0.21124,12.5,7.87,0,0.524,5.631,1.0,6.0821,5,311,15.2,386.63,29.93,0.2555555555555556
10,0.17004,12.5,7.87,0,0.524,6.004,0.8547888774459321,6.5921,5,311,15.2,386.71,17.1,0.3088888888888889
11,0.22489,12.5,7.87,0,0.524,6.377,0.94129763130793,6.3467,5,311,15.2,392.52,20.45,0.22222222222222227
12,0.11747,12.5,7.87,0,0.524,6.009,0.82389289392379,6.2267,5,311,15.2,396.9,13.27,0.3088888888888889
13,0.09378,12.5,7.87,0,0.524,5.889,0.3717816683831102,5.4509,5,311,15.2,390.5,15.71,0.3711111111111111
14,0.62976,0.0,8.14,0,0.538,5.949,0.6065911431513903,4.7075,4,307,21.0,396.9,8.26,0.3422222222222222
15,0.63796,0.0,8.14,0,0.538,6.096,0.8403707518022657,4.4619,4,307,21.0,380.02,10.26,0.29333333333333333
16,0.62739,0.0,8.14,0,0.538,5.834,0.5520082389289392,4.4986,4,307,21.0,395.62,8.47,0.3311111111111111
17,1.05393,0.0,8.14,0,0.538,5.935,0.2718846549948507,4.4986,4,307,21.0,386.85,6.58,0.4022222222222223
18,0.7842,0.0,8.14,0,0.538,5.99,0.811534500514933,4.2579,4,307,21.0,386.75,14.67,0.2777777777777778
19,0.80271,0.0,8.14,0,0.538,5.456,0.34706488156539655,3.7965,4,307,21.0,288.99,11.69,0.3377777777777778
20,0.7258,0.0,8.14,0,0.538,5.727,0.685890834191555,3.7965,4,307,21.0,390.95,11.28,0.29333333333333333
21,1.25179,0.0,8.14,0,0.538,5.57,0.98043254376931,3.7979,4,307,21.0,376.57,21.02,0.19111111111111112
22,0.85204,0.0,8.14,0,0.538,5.965,0.8887744593202884,4.0123,4,307,21.0,392.53,13.83,0.3244444444444445
23,1.23247,0.0,8.14,0,0.538,6.142,0.9145211122554068,3.9769,4,307,21.0,396.9,18.72,0.22666666666666668
24,0.98843,0.0,8.14,0,0.538,5.813,1.0,4.0952,4,307,21.0,394.54,19.88,0.21111111111111114
25,0.75026,0.0,8.14,0,0.538,5.924,0.9392378990731204,4.3996,4,307,21.0,394.33,16.3,0.23555555555555557
26,0.84054,0.0,8.14,0,0.538,5.599,0.8527291452111225,4.4546,4,307,21.0,303.42,16.51,0.19777777777777783
27,0.67191,0.0,8.14,0,0.538,5.813,0.9001029866117405,4.682,4,307,21.0,376.88,14.81,0.25777777777777783
28,0.95577,0.0,8.14,0,0.538,6.047,0.8846549948506693,4.4534,4,307,21.0,306.38,17.28,0.2177777777777778
29,0.77299,0.0,8.14,0,0.538,6.495,0.9423274974253347,4.4547,4,307,21.0,387.94,12.8,0.29777777777777775
30,1.00245,0.0,8.14,0,0.538,6.674,0.8692070030895983,4.239,4,307,21.0,380.23,11.98,0.35555555555555557
31,1.13081,0.0,8.14,0,0.538,5.713,0.9392378990731204,4.233,4,307,21.0,360.17,22.6,0.1711111111111111
32,1.35472,0.0,8.14,0,0.538,6.072,1.0,4.175,4,307,21.0,376.73,13.04,0.21111111111111114
33,1.38799,0.0,8.14,0,0.538,5.95,0.8146240988671473,3.99,4,307,21.0,232.6,27.71,0.18222222222222223
34,1.15172,0.0,8.14,0,0.538,5.701,0.9485066941297631,3.7872,4,307,21.0,358.77,18.35,0.18
35,1.61282,0.0,8.14,0,0.538,6.096,0.9680741503604532,3.7598,4,307,21.0,248.31,20.34,0.18888888888888888
36,0.06417,0.0,5.96,0,0.499,5.933,0.6725025746652935,3.3603,5,279,19.2,396.9,9.68,0.3088888888888889
37,0.09744,0.0,5.96,0,0.499,5.841,0.6024716786817713,3.3779,5,279,19.2,377.56,11.41,0.33333333333333337
38,0.08014,0.0,5.96,0,0.499,5.85,0.39752832131822863,3.9342,5,279,19.2,396.9,8.77,0.35555555555555557
39,0.17505,0.0,5.96,0,0.499,5.966,0.28115345005149334,3.8473,5,279,19.2,393.43,10.13,0.43777777777777777
40,0.02763,75.0,2.95,0,0.428,6.595,0.1946446961894954,5.4011,3,252,18.3,395.63,4.32,0.5733333333333334
41,0.03359,75.0,2.95,0,0.428,7.024,0.13285272914521115,5.4011,3,252,18.3,395.62,1.98,0.6644444444444444
42,0.12744,0.0,6.91,0,0.448,6.77,0.0,5.7209,3,233,17.9,385.41,4.84,0.48000000000000004
43,0.1415,0.0,6.91,0,0.448,6.169,0.03810504634397528,5.7209,3,233,17.9,383.37,5.81,0.4511111111111112
44,0.15936,0.0,6.91,0,0.448,6.211,0.03707518022657055,5.7209,3,233,17.9,394.46,7.44,0.43777777777777777
45,0.12269,0.0,6.91,0,0.448,6.069,0.3820803295571576,5.7209,3,233,17.9,389.39,9.55,0.36
46,0.17142,0.0,6.91,0,0.448,5.682,0.31822863027806386,5.1004,3,233,17.9,396.9,10.21,0.3177777777777778
47,0.18836,0.0,6.91,0,0.448,5.786,0.31307929969104015,5.1004,3,233,17.9,396.9,14.15,0.33333333333333337
48,0.22927,0.0,6.91,0,0.448,6.03,0.850669412976313,5.6894,3,233,17.9,392.74,18.8,0.25777777777777783
49,0.25387,0.0,6.91,0,0.448,5.399,0.9515962924819773,5.87,3,233,17.9,396.9,30.81,0.2088888888888889
50,0.21977,0.0,6.91,0,0.448,5.602,0.6086508753861998,6.0877,3,233,17.9,396.9,16.2,0.32
51,0.08873,21.0,5.64,0,0.439,5.963,0.44078269824922767,6.8147,4,243,16.8,395.56,13.45,0.32666666666666666
52,0.04337,21.0,5.64,0,0.439,6.115,0.6189495365602471,6.8147,4,243,16.8,393.97,9.43,0.34444444444444444
53,0.0536,21.0,5.64,0,0.439,6.511,0.18743563336766222,6.8147,4,243,16.8,396.9,5.28,0.4444444444444445
54,0.04981,21.0,5.64,0,0.439,5.998,0.19052523171987643,6.8147,4,243,16.8,396.9,8.43,0.4088888888888889
55,0.0136,75.0,4.0,0,0.41,5.888,0.4603501544799177,7.3197,3,469,21.1,396.9,14.8,0.3088888888888889
56,0.01311,90.0,1.22,0,0.403,7.249,0.1956745623069001,8.6966,5,226,17.9,395.93,4.81,0.6755555555555555
57,0.02055,85.0,0.74,0,0.41,6.383,0.3377960865087539,9.1876,2,313,17.3,396.9,5.77,0.43777777777777777
58,0.01432,100.0,1.32,0,0.411,6.816,0.3872296601441813,8.3248,5,256,15.1,392.9,3.95,0.5911111111111111
59,0.15445,25.0,5.13,0,0.453,6.145,0.27085478887744596,7.8148,8,284,19.7,390.68,6.86,0.4066666666666667
60,0.10328,25.0,5.13,0,0.453,5.927,0.4562306900102987,6.932,8,284,19.7,396.9,9.22,0.3244444444444445
61,0.14932,25.0,5.13,0,0.453,5.741,0.6519052523171988,7.2254,8,284,19.7,395.11,13.15,0.30444444444444446
62,0.17171,25.0,5.13,0,0.453,5.966,0.9320288362512874,6.8185,8,284,19.7,378.08,14.44,0.24444444444444446
63,0.11027,25.0,5.13,0,0.453,6.456,0.6683831101956745,7.2255,8,284,19.7,396.9,6.73,0.38222222222222224
64,0.1265,25.0,5.13,0,0.453,6.762,0.41709577754891863,7.9809,8,284,19.7,395.58,9.5,0.4444444444444445
65,0.01951,17.5,1.38,0,0.4161,7.104,0.5829042224510813,9.2229,3,216,18.6,393.24,8.05,0.6222222222222222
66,0.03584,80.0,3.37,0,0.398,6.29,0.1534500514933059,6.6115,4,337,16.1,396.9,4.67,0.41111111111111115
67,0.04379,80.0,3.37,0,0.398,5.787,0.29042224510813597,6.6115,4,337,16.1,396.9,10.24,0.32
68,0.05789,12.5,6.07,0,0.409,5.878,0.19052523171987643,6.498,4,345,18.9,396.21,8.1,0.3777777777777778
69,0.13554,12.5,6.07,0,0.409,5.594,0.349124613800206,6.498,4,345,18.9,396.9,13.09,0.27555555555555555
70,0.12816,12.5,6.07,0,0.409,5.885,0.309989701338826,6.498,4,345,18.9,396.9,8.79,0.35333333333333333
71,0.08826,0.0,10.81,0,0.413,6.417,0.03810504634397528,5.2873,4,305,19.2,383.73,6.72,0.4266666666666667
72,0.15876,0.0,10.81,0,0.413,5.961,0.15036045314109167,5.2873,4,305,19.2,376.94,9.88,0.3711111111111111
73,0.09164,0.0,10.81,0,0.413,6.065,0.05046343975283214,5.2873,4,305,19.2,390.91,5.52,0.3955555555555556
74,0.19539,0.0,10.81,0,0.413,6.245,0.03398558187435634,5.2873,4,305,19.2,377.17,7.54,0.4088888888888889
75,0.07896,0.0,12.83,0,0.437,6.273,0.031925849639546866,4.2515,5,398,18.7,394.92,6.78,0.42444444444444446
76,0.09512,0.0,12.83,0,0.437,6.286,0.43357363542739447,4.5026,5,398,18.7,383.23,8.94,0.36444444444444446
77,0.10153,0.0,12.83,0,0.437,6.279,0.737384140061792,4.0522,5,398,18.7,373.66,11.97,0.33333333333333337
78,0.08707,0.0,12.83,0,0.437,6.14,0.44181256436663235,4.0905,5,398,18.7,386.96,10.27,0.35111111111111115
79,0.05646,0.0,12.83,0,0.437,6.232,0.5231719876416066,5.0141,5,398,18.7,386.4,12.34,0.36
80,0.08387,0.0,12.83,0,0.437,5.874,0.34706488156539655,4.5026,5,398,18.7,396.06,9.1,0.34
81,0.04113,25.0,4.86,0,0.426,6.727,0.31513903192584963,5.4007,4,281,19.0,396.9,5.29,0.5111111111111111
82,0.04462,25.0,4.86,0,0.426,6.619,0.6951596292481977,5.4007,4,281,19.0,395.63,7.22,0.42
83,0.03659,25.0,4.86,0,0.426,6.302,0.3017507723995881,5.4007,4,281,19.0,396.9,6.72,0.44
84,0.03551,25.0,4.86,0,0.426,6.167,0.45108135942327504,5.4007,4,281,19.0,390.64,7.51,0.39777777777777773
85,0.05059,0.0,4.49,0,0.449,6.389,0.4644696189495366,4.7794,3,247,18.5,396.9,9.62,0.42
86,0.05735,0.0,4.49,0,0.449,6.63,0.5478887744593203,4.4377,3,247,18.5,392.3,6.53,0.48000000000000004
87,0.05188,0.0,4.49,0,0.449,6.015,0.4346035015447992,4.4272,3,247,18.5,395.99,12.86,0.3888888888888889
88,0.07151,0.0,4.49,0,0.449,6.121,0.5550978372811534,3.7476,3,247,18.5,395.15,8.44,0.38222222222222224
89,0.0566,0.0,3.41,0,0.489,7.007,0.858908341915551,3.4217,2,270,17.8,396.9,5.5,0.4133333333333334
90,0.05302,0.0,3.41,0,0.489,7.079,0.619979402677652,3.4145,2,270,17.8,396.06,5.7,0.5266666666666666
91,0.04684,0.0,3.41,0,0.489,6.417,0.6508753861997939,3.0923,2,270,17.8,392.18,8.81,0.39111111111111113
92,0.03932,0.0,3.41,0,0.489,6.405,0.7312049433573636,3.0921,2,270,17.8,393.55,8.2,0.3777777777777778
93,0.04203,28.0,15.04,0,0.464,6.442,0.5221421215242018,3.6659,4,270,18.2,395.01,8.16,0.39777777777777773
94,0.02875,28.0,15.04,0,0.464,6.211,0.26776519052523173,3.6659,4,270,18.2,396.33,6.21,0.4444444444444445
95,0.04294,28.0,15.04,0,0.464,6.249,0.7662203913491246,3.615,4,270,18.2,396.9,10.59,0.34666666666666673
96,0.12204,0.0,2.89,0,0.445,6.625,0.5653964984552008,3.4952,2,276,18.0,357.98,6.65,0.5199999999999999
97,0.11504,0.0,2.89,0,0.445,6.163,0.6869207003089598,3.4952,2,276,18.0,391.83,11.34,0.36444444444444446
98,0.12083,0.0,2.89,0,0.445,8.069,0.752832131822863,3.4952,2,276,18.0,396.9,4.21,0.7488888888888889
99,0.08187,0.0,2.89,0,0.445,7.82,0.35015447991761073,3.4952,2,276,18.0,393.53,3.57,0.8622222222222221
100,0.0686,0.0,2.89,0,0.445,7.416,0.6138002059732235,3.4952,2,276,18.0,396.9,6.19,0.6266666666666667
101,0.14866,0.0,8.56,0,0.52,6.727,0.7929969104016479,2.7778,5,384,20.9,394.76,9.42,0.5
102,0.11432,0.0,8.56,0,0.52,6.781,0.7044284243048403,2.8561,5,384,20.9,395.58,7.67,0.4777777777777778
103,0.22876,0.0,8.56,0,0.52,6.405,0.8496395468589084,2.7147,5,384,20.9,70.8,10.63,0.3022222222222223
104,0.21161,0.0,8.56,0,0.52,6.137,0.8702368692070032,2.7147,5,384,20.9,394.47,13.44,0.3177777777777778
105,0.1396,0.0,8.56,0,0.52,6.167,0.8970133882595263,2.421,5,384,20.9,392.69,12.33,0.3355555555555556
106,0.13262,0.0,8.56,0,0.52,5.851,0.9660144181256437,2.1069,5,384,20.9,394.05,16.47,0.32222222222222224
107,0.1712,0.0,8.56,0,0.52,5.836,0.9165808444902164,2.211,5,384,20.9,395.67,18.66,0.32222222222222224
108,0.13117,0.0,8.56,0,0.52,6.127,0.8475798146240989,2.1224,5,384,20.9,387.69,14.09,0.3422222222222222
109,0.12802,0.0,8.56,0,0.52,6.474,0.9701338825952626,2.4329,5,384,20.9,395.24,12.27,0.32888888888888895
110,0.26363,0.0,8.56,0,0.52,6.229,0.9093717816683832,2.5451,5,384,20.9,391.23,15.55,0.32
111,0.10793,0.0,8.56,0,0.52,6.195,0.5303810504634398,2.7778,5,384,20.9,393.49,13.0,0.3711111111111111
112,0.10084,0.0,10.01,0,0.547,6.715,0.8105046343975283,2.6775,6,432,17.8,395.59,10.16,0.3955555555555556
113,0.12329,0.0,10.01,0,0.547,5.913,0.9268795056642637,2.3534,6,432,17.8,394.95,16.21,0.3066666666666667
114,0.22212,0.0,10.01,0,0.547,6.092,0.9526261585993822,2.548,6,432,17.8,396.9,17.09,0.30444444444444446
115,0.14231,0.0,10.01,0,0.547,6.254,0.8372811534500515,2.2565,6,432,17.8,388.74,10.45,0.30000000000000004
116,0.17134,0.0,10.01,0,0.547,5.928,0.878475798146241,2.4631,6,432,17.8,344.91,15.76,0.29555555555555557
117,0.13158,0.0,10.01,0,0.547,6.176,0.7167868177136972,2.7301,6,432,17.8,393.3,12.04,0.36
118,0.15098,0.0,10.01,0,0.547,6.021,0.8208032955715756,2.7474,6,432,17.8,394.51,10.3,0.3155555555555556
119,0.13058,0.0,10.01,0,0.547,5.872,0.7229660144181256,2.4775,6,432,17.8,338.63,15.37,0.3422222222222222
120,0.14476,0.0,10.01,0,0.547,5.731,0.6416065911431514,2.7592,6,432,17.8,391.5,13.61,0.3177777777777778
121,0.06899,0.0,25.65,0,0.581,5.87,0.6879505664263645,2.2577,2,188,19.1,389.15,14.37,0.3777777777777778
122,0.07165,0.0,25.65,0,0.581,6.004,0.8362512873326466,2.1974,2,188,19.1,377.67,14.27,0.34
123,0.09299,0.0,25.65,0,0.581,5.961,0.9268795056642637,2.0869,2,188,19.1,378.09,17.93,0.34444444444444444
124,0.15038,0.0,25.65,0,0.581,5.856,0.9691040164778579,1.9444,2,188,19.1,370.31,25.41,0.2733333333333334
125,0.09849,0.0,25.65,0,0.581,5.879,0.956745623069001,2.0063,2,188,19.1,379.38,17.58,0.3066666666666667
126,0.16902,0.0,25.65,0,0.581,5.986,0.8805355303810505,1.9929,2,188,19.1,385.02,14.81,0.36444444444444446
127,0.38735,0.0,25.65,0,0.581,5.613,0.9546858908341915,1.7572,2,188,19.1,359.29,27.26,0.23777777777777775
128,0.25915,0.0,21.89,0,0.624,5.693,0.9588053553038105,1.7883,4,437,21.2,392.11,17.19,0.24888888888888888
129,0.32543,0.0,21.89,0,0.624,6.431,0.9876416065911431,1.8125,4,437,21.2,396.9,15.39,0.2888888888888889
130,0.88125,0.0,21.89,0,0.624,5.637,0.945417095777549,1.9799,4,437,21.2,396.9,18.34,0.20666666666666672
131,0.34006,0.0,21.89,0,0.624,6.458,0.9886714727085479,2.1185,4,437,21.2,395.04,12.6,0.3155555555555556
132,1.19294,0.0,21.89,0,0.624,6.326,0.976313079299691,2.271,4,437,21.2,396.9,12.26,0.3244444444444445
133,0.59005,0.0,21.89,0,0.624,6.372,0.9783728115345005,2.3274,4,437,21.2,385.76,11.12,0.4000000000000001
134,0.32982,0.0,21.89,0,0.624,5.822,0.9526261585993822,2.4699,4,437,21.2,388.69,15.03,0.29777777777777775
135,0.97617,0.0,21.89,0,0.624,5.757,0.9835221421215243,2.346,4,437,21.2,262.76,17.31,0.23555555555555557
136,0.55778,0.0,21.89,0,0.624,6.335,0.9814624098867148,2.1107,4,437,21.2,394.67,16.96,0.29111111111111115
137,0.32264,0.0,21.89,0,0.624,5.942,0.933058702368692,1.9669,4,437,21.2,378.25,16.9,0.27555555555555555
138,0.35233,0.0,21.89,0,0.624,6.454,0.9835221421215243,1.8498,4,437,21.2,394.08,14.59,0.26888888888888896
139,0.2498,0.0,21.89,0,0.624,5.857,0.9814624098867148,1.6686,4,437,21.2,392.04,21.32,0.18444444444444447
140,0.54452,0.0,21.89,0,0.624,6.151,0.9783728115345005,1.6687,4,437,21.2,396.9,18.46,0.2844444444444445
141,0.2909,0.0,21.89,0,0.624,6.174,0.9340885684860968,1.6119,4,437,21.2,388.08,24.16,0.2
142,1.62864,0.0,21.89,0,0.624,5.019,1.0,1.4394,4,437,21.2,396.9,34.41,0.2088888888888889
143,3.32105,0.0,19.58,1,0.871,5.403,1.0,1.3216,5,403,14.7,396.9,26.82,0.1866666666666667
144,4.0974,0.0,19.58,0,0.871,5.468,1.0,1.4118,5,403,14.7,396.9,26.42,0.23555555555555557
145,2.77974,0.0,19.58,0,0.871,4.903,0.9773429454170957,1.3459,5,403,14.7,396.9,29.29,0.15111111111111114
146,2.37934,0.0,19.58,0,0.871,6.13,1.0,1.4191,5,403,14.7,172.91,27.8,0.1955555555555556
147,2.15505,0.0,19.58,0,0.871,5.628,1.0,1.5166,5,403,14.7,169.27,16.65,0.23555555555555557
148,2.36862,0.0,19.58,0,0.871,4.926,0.9557157569515963,1.4608,5,403,14.7,391.71,29.53,0.21333333333333332
149,2.33099,0.0,19.58,0,0.871,5.186,0.9361483007209063,1.5296,5,403,14.7,356.99,28.32,0.2844444444444445
150,2.73397,0.0,19.58,0,0.871,5.597,0.9474768280123584,1.5257,5,403,14.7,351.85,21.45,0.23111111111111116
151,1.6566,0.0,19.58,0,0.871,6.122,0.972193614830072,1.618,5,403,14.7,372.8,14.1,0.3666666666666667
152,1.49632,0.0,19.58,0,0.871,5.404,1.0,1.5916,5,403,14.7,341.6,13.28,0.3244444444444445
153,1.12658,0.0,19.58,1,0.871,5.012,0.8764160659114315,1.6102,5,403,14.7,343.28,12.12,0.22888888888888892
154,2.14918,0.0,19.58,0,0.871,5.709,0.984552008238929,1.6232,5,403,14.7,261.95,15.79,0.32
155,1.41385,0.0,19.58,1,0.871,6.129,0.9588053553038105,1.7494,5,403,14.7,321.02,15.12,0.26666666666666666
156,3.53501,0.0,19.58,1,0.871,6.152,0.8208032955715756,1.7455,5,403,14.7,88.01,15.02,0.23555555555555557
157,2.44668,0.0,19.58,0,0.871,5.272,0.9382080329557158,1.7364,5,403,14.7,88.63,16.14,0.18
158,1.22358,0.0,19.58,0,0.605,6.943,0.9732234809474769,1.8773,5,403,14.7,363.43,4.59,0.8066666666666666
159,1.34284,0.0,19.58,0,0.605,6.066,1.0,1.7573,5,403,14.7,353.89,6.43,0.42888888888888893
160,1.42502,0.0,19.58,0,0.871,6.51,1.0,1.7659,5,403,14.7,364.31,7.39,0.4066666666666667
161,1.27346,0.0,19.58,1,0.605,6.25,0.9237899073120494,1.7984,5,403,14.7,338.92,5.5,0.4888888888888889
162,1.46336,0.0,19.58,0,0.605,7.489,0.9052523171987641,1.9709,5,403,14.7,374.43,1.73,1.0
163,1.83377,0.0,19.58,1,0.605,7.802,0.9814624098867148,2.0407,5,403,14.7,389.61,1.92,1.0
164,1.51902,0.0,19.58,1,0.605,8.375,0.9371781668383111,2.162,5,403,14.7,388.45,3.32,1.0
165,2.24236,0.0,19.58,0,0.605,5.854,0.9155509783728115,2.422,5,403,14.7,395.11,11.64,0.39333333333333337
166,2.924,0.0,19.58,0,0.605,6.101,0.9279093717816684,2.2834,5,403,14.7,240.16,9.81,0.4444444444444445
167,2.01019,0.0,19.58,0,0.605,7.929,0.96086508753862,2.0459,5,403,14.7,369.3,3.7,1.0
168,1.80028,0.0,19.58,0,0.605,5.877,0.7857878475798147,2.4259,5,403,14.7,227.61,12.14,0.41777777777777786
169,2.3004,0.0,19.58,0,0.605,6.319,0.9598352214212151,2.1,5,403,14.7,297.09,11.1,0.41777777777777786
170,2.44953,0.0,19.58,0,0.605,6.402,0.9505664263645727,2.2625,5,403,14.7,330.04,11.32,0.3844444444444445
171,1.20742,0.0,19.58,0,0.605,5.875,0.9443872296601441,2.4259,5,403,14.7,292.29,14.43,0.27555555555555555
172,2.3139,0.0,19.58,0,0.605,5.88,0.972193614830072,2.3887,5,403,14.7,348.13,12.03,0.3133333333333334
173,0.13914,0.0,4.05,0,0.51,5.572,0.8815653964984552,2.5961,5,296,16.6,396.9,14.69,0.4022222222222223
174,0.09178,0.0,4.05,0,0.51,6.416,0.8362512873326466,2.6463,5,296,16.6,395.5,9.04,0.4133333333333334
175,0.08447,0.0,4.05,0,0.51,5.859,0.6776519052523172,2.7019,5,296,16.6,393.23,9.64,0.39111111111111113
176,0.06664,0.0,4.05,0,0.51,6.546,0.3110195674562307,3.1323,5,296,16.6,390.96,5.33,0.5422222222222222
177,0.07022,0.0,4.05,0,0.51,6.02,0.4562306900102987,3.5549,5,296,16.6,393.23,10.11,0.40444444444444444
178,0.05425,0.0,4.05,0,0.51,6.315,0.7260556127703399,3.3175,5,296,16.6,395.6,6.29,0.43555555555555564
179,0.06642,0.0,4.05,0,0.51,6.86,0.7363542739443872,2.9153,5,296,16.6,391.27,6.92,0.5533333333333332
180,0.0578,0.0,2.46,0,0.488,6.98,0.5715756951596292,2.829,3,193,17.8,396.9,5.04,0.7155555555555556
181,0.06588,0.0,2.46,0,0.488,7.765,0.8280123583934088,2.741,3,193,17.8,395.56,7.56,0.7733333333333332
182,0.06888,0.0,2.46,0,0.488,6.144,0.6107106076210093,2.5979,3,193,17.8,396.9,9.45,0.6933333333333334
183,0.09103,0.0,2.46,0,0.488,7.155,0.9196704428424305,2.7006,3,193,17.8,394.12,4.82,0.731111111111111
184,0.10008,0.0,2.46,0,0.488,6.563,0.9546858908341915,2.847,3,193,17.8,396.9,5.68,0.611111111111111
185,0.08308,0.0,2.46,0,0.488,5.604,0.8949536560247168,2.9879,3,193,17.8,391.0,13.98,0.47555555555555556
186,0.06047,0.0,2.46,0,0.488,6.153,0.6786817713697219,3.2797,3,193,17.8,387.11,13.15,0.5466666666666666
187,0.05602,0.0,2.46,0,0.488,7.831,0.5221421215242018,3.1992,3,193,17.8,392.63,4.45,1.0
188,0.07875,45.0,3.44,0,0.437,6.782,0.3934088568486097,3.7886,5,398,15.2,393.87,6.68,0.6
189,0.12579,45.0,3.44,0,0.437,6.556,0.2698249227600412,4.5667,5,398,15.2,382.84,4.56,0.5511111111111111
190,0.0837,45.0,3.44,0,0.437,7.185,0.3707518022657055,4.5667,5,398,15.2,396.9,5.39,0.6644444444444444
191,0.09068,45.0,3.44,0,0.437,6.951,0.19155509783728117,6.4798,5,398,15.2,377.68,5.1,0.7111111111111111
192,0.06911,45.0,3.44,0,0.437,6.739,0.28733264675592174,6.4798,5,398,15.2,389.71,4.69,0.5666666666666667
193,0.08664,45.0,3.44,0,0.437,7.178,0.24098867147270858,6.4798,5,398,15.2,390.49,2.87,0.6977777777777777
194,0.02187,60.0,2.93,0,0.401,6.8,0.07209062821833163,6.2196,1,265,15.6,393.37,5.03,0.58
195,0.01439,60.0,2.93,0,0.401,6.604,0.16374871266735327,6.2196,1,265,15.6,376.7,4.38,0.5355555555555556
196,0.01381,80.0,0.46,0,0.422,7.875,0.2996910401647786,5.6484,4,255,14.4,394.23,2.97,1.0
197,0.04011,80.0,1.52,0,0.404,7.287,0.3213182286302781,7.309,2,329,12.6,396.9,4.08,0.6288888888888888
198,0.04666,80.0,1.52,0,0.404,7.107,0.34706488156539655,7.309,2,329,12.6,354.31,8.61,0.5622222222222222
199,0.03768,80.0,1.52,0,0.404,7.274,0.364572605561277,7.309,2,329,12.6,392.2,6.62,0.6577777777777778
200,0.0315,95.0,1.47,0,0.403,6.975,0.12770339855818746,7.6534,3,402,17.0,396.9,4.56,0.6644444444444444
201,0.01778,95.0,1.47,0,0.403,7.135,0.11328527291452112,7.6534,3,402,17.0,384.3,4.45,0.62
202,0.03445,82.5,2.03,0,0.415,6.162,0.36560247167868176,6.27,2,348,14.7,393.77,7.43,0.42444444444444446
203,0.02177,82.5,2.03,0,0.415,7.61,0.13182286302780638,6.27,2,348,14.7,395.38,3.11,0.8288888888888888
204,0.0351,95.0,2.68,0,0.4161,7.853,0.31204943357363546,5.118,4,224,14.7,392.78,3.81,0.9666666666666666
205,0.02009,95.0,2.68,0,0.4161,8.034,0.29866117404737386,5.118,4,224,14.7,390.55,2.88,1.0
206,0.13642,0.0,10.59,0,0.489,5.891,0.19979402677651908,3.9454,4,277,18.6,396.9,10.87,0.39111111111111113
207,0.22969,0.0,10.59,0,0.489,6.326,0.5108135942327497,4.3549,4,277,18.6,394.87,10.97,0.43111111111111106
208,0.25199,0.0,10.59,0,0.489,5.783,0.7188465499485067,4.3549,4,277,18.6,389.43,18.06,0.3888888888888889
209,0.13587,0.0,10.59,1,0.489,6.064,0.5787847579814624,4.2392,4,277,18.6,381.32,14.66,0.43111111111111106
210,0.43571,0.0,10.59,1,0.489,5.344,1.0,3.875,4,277,18.6,396.9,23.09,0.33333333333333337
211,0.17446,0.0,10.59,1,0.489,5.96,0.9186405767250256,3.8771,4,277,18.6,393.25,17.27,0.3711111111111111
212,0.37578,0.0,10.59,1,0.489,5.404,0.8825952626158599,3.665,4,277,18.6,395.24,23.98,0.3177777777777778
213,0.21719,0.0,10.59,1,0.489,5.807,0.5242018537590113,3.6526,4,277,18.6,390.94,16.03,0.38666666666666666
214,0.14052,0.0,10.59,0,0.489,6.375,0.3027806385169928,3.9454,4,277,18.6,385.81,9.38,0.5133333333333333
215,0.28955,0.0,10.59,0,0.489,5.412,0.07106076210092689,3.5875,4,277,18.6,348.93,29.55,0.4155555555555555
216,0.19802,0.0,10.59,0,0.489,6.182,0.40679711637487126,3.9454,4,277,18.6,393.63,9.47,0.4444444444444445
217,0.0456,0.0,13.89,1,0.55,5.888,0.5468589083419155,3.1121,5,276,16.4,392.8,13.51,0.4066666666666667
218,0.07013,0.0,13.89,0,0.55,6.642,0.8465499485066941,3.4211,5,276,16.4,392.78,9.69,0.5266666666666666
219,0.11069,0.0,13.89,1,0.55,5.951,0.9361483007209063,2.8893,5,276,16.4,396.9,17.92,0.3666666666666667
220,0.11425,0.0,13.89,1,0.55,6.373,0.92173017507724,3.3633,5,276,16.4,393.74,10.5,0.4000000000000001
221,0.35809,0.0,6.2,1,0.507,6.951,0.8815653964984552,2.8617,8,307,17.4,391.7,9.71,0.4822222222222223
222,0.40771,0.0,6.2,1,0.507,6.164,0.9104016477857878,3.048,8,307,17.4,395.24,21.46,0.3711111111111111
223,0.62356,0.0,6.2,1,0.507,6.879,0.7703398558187435,3.2721,8,307,17.4,390.39,9.93,0.5
224,0.6147,0.0,6.2,0,0.507,6.618,0.8022657054582903,3.2721,8,307,17.4,396.9,7.6,0.5577777777777778
225,0.31533,0.0,6.2,0,0.504,8.266,0.776519052523172,2.8944,8,307,17.4,385.05,4.14,0.8844444444444444
226,0.52693,0.0,6.2,0,0.504,8.725,0.8249227600411946,2.8944,8,307,17.4,382.0,4.63,1.0
227,0.38214,0.0,6.2,0,0.504,8.04,0.8609680741503605,3.2157,8,307,17.4,387.38,3.13,0.7244444444444444
228,0.41238,0.0,6.2,0,0.504,7.163,0.7929969104016479,3.2157,8,307,17.4,372.08,6.36,0.5911111111111111
229,0.29819,0.0,6.2,0,0.504,7.686,0.14521112255406798,3.3751,8,307,17.4,377.51,3.92,0.9266666666666667
230,0.44178,0.0,6.2,0,0.504,6.552,0.19052523171987643,3.3751,8,307,17.4,380.34,3.76,0.5888888888888889
231,0.537,0.0,6.2,0,0.504,5.981,0.6714727085478887,3.6715,8,307,17.4,378.35,11.65,0.42888888888888893
232,0.46296,0.0,6.2,0,0.504,7.412,0.7621009268795057,3.6715,8,307,17.4,376.14,5.25,0.5933333333333333
233,0.57529,0.0,6.2,0,0.507,8.337,0.7250257466529351,3.8384,8,307,17.4,385.91,2.47,0.8155555555555556
234,0.33147,0.0,6.2,0,0.507,8.247,0.6951596292481977,3.6519,8,307,17.4,378.95,3.95,0.9622222222222221
235,0.44791,0.0,6.2,1,0.507,6.726,0.654994850669413,3.6519,8,307,17.4,360.2,8.05,0.5333333333333333
236,0.33045,0.0,6.2,0,0.507,6.086,0.6035015447991761,3.6519,8,307,17.4,376.75,10.88,0.4222222222222222
237,0.52058,0.0,6.2,1,0.507,6.631,0.7579814624098867,4.148,8,307,17.4,388.45,9.54,0.4466666666666667
238,0.51183,0.0,6.2,0,0.507,7.358,0.7075180226570545,4.148,8,307,17.4,390.07,4.73,0.5888888888888889
239,0.08244,30.0,4.93,0,0.428,6.481,0.16065911431513905,6.1899,6,300,16.6,379.41,6.36,0.4155555555555555
240,0.09252,30.0,4.93,0,0.428,6.606,0.40473738414006183,6.1899,6,300,16.6,383.78,7.37,0.4066666666666667
241,0.11329,30.0,4.93,0,0.428,6.897,0.529351184346035,6.3361,6,300,16.6,391.25,11.38,0.3777777777777778
242,0.10612,30.0,4.93,0,0.428,6.095,0.6405767250257466,6.3361,6,300,16.6,394.62,12.4,0.3355555555555556
243,0.1029,30.0,4.93,0,0.428,6.358,0.5149330587023686,7.0355,6,300,16.6,372.75,11.22,0.38222222222222224
244,0.12757,30.0,4.93,0,0.428,6.393,0.05046343975283214,7.0355,6,300,16.6,374.71,5.19,0.4155555555555555
245,0.20608,22.0,5.86,0,0.431,5.593,0.7579814624098867,7.9549,7,330,19.1,372.49,12.5,0.28
246,0.19133,22.0,5.86,0,0.431,5.605,0.6930998970133883,7.9549,7,330,19.1,389.13,18.46,0.30000000000000004
247,0.33983,22.0,5.86,0,0.431,6.108,0.329557157569516,8.0555,7,330,19.1,390.18,9.16,0.42888888888888893
248,0.19657,22.0,5.86,0,0.431,6.226,0.7857878475798147,8.0555,7,330,19.1,376.14,10.15,0.34444444444444444
249,0.16439,22.0,5.86,0,0.431,6.433,0.47579814624098876,7.8265,7,330,19.1,374.71,9.52,0.4333333333333334
250,0.19073,22.0,5.86,0,0.431,6.718,0.15036045314109167,7.8265,7,330,19.1,393.74,6.56,0.4711111111111111
251,0.1403,22.0,5.86,0,0.431,6.487,0.10401647785787849,7.3967,7,330,19.1,396.28,5.9,0.43111111111111106
252,0.21409,22.0,5.86,0,0.431,6.438,0.06179196704428426,7.3967,7,330,19.1,377.07,3.59,0.44
253,0.08221,22.0,5.86,0,0.431,6.957,0.04016477857878477,8.9067,7,330,19.1,386.09,3.53,0.5466666666666666
254,0.36894,22.0,5.86,0,0.431,8.259,0.05664263645726057,8.9067,7,330,19.1,396.9,3.54,0.84
255,0.04819,80.0,3.64,0,0.392,6.108,0.2996910401647786,9.2203,1,315,16.4,392.89,6.57,0.37555555555555553
256,0.03548,80.0,3.64,0,0.392,5.876,0.16683831101956748,9.2203,1,315,16.4,395.18,9.25,0.35333333333333333
257,0.01538,90.0,3.75,0,0.394,7.454,0.32234809474768283,6.3361,3,244,15.9,386.34,3.11,0.8666666666666667
258,0.61154,20.0,3.97,0,0.647,8.704,0.8650875386199794,1.801,5,264,13.0,389.7,5.12,1.0
259,0.66351,20.0,3.97,0,0.647,7.333,1.0,1.8946,5,264,13.0,383.29,7.79,0.6888888888888889
260,0.65665,20.0,3.97,0,0.647,6.842,1.0,2.0107,5,264,13.0,391.93,6.9,0.5577777777777778
261,0.54011,20.0,3.97,0,0.647,7.203,0.8125643666323378,2.1121,5,264,13.0,392.8,9.59,0.6399999999999999
262,0.53412,20.0,3.97,0,0.647,7.52,0.8908341915550979,2.1398,5,264,13.0,388.37,7.26,0.8466666666666667
263,0.52014,20.0,3.97,0,0.647,8.398,0.9124613800205973,2.2885,5,264,13.0,386.86,5.91,0.9733333333333332
264,0.82526,20.0,3.97,0,0.647,7.327,0.9433573635427395,2.0788,5,264,13.0,393.42,11.25,0.5777777777777777
265,0.55007,20.0,3.97,0,0.647,7.206,0.913491246138002,1.9301,5,264,13.0,387.89,8.1,0.7
266,0.76162,20.0,3.97,0,0.647,5.56,0.6168898043254376,1.9865,5,264,13.0,392.4,10.45,0.3955555555555556
267,0.7857,20.0,3.97,0,0.647,7.014,0.8414006179196704,2.1329,5,264,13.0,384.07,14.79,0.5711111111111111
268,0.57834,20.0,3.97,0,0.575,8.297,0.6601441812564366,2.4216,5,264,13.0,384.54,7.44,1.0
269,0.5405,20.0,3.97,0,0.575,7.47,0.5118434603501545,2.872,5,264,13.0,390.3,3.16,0.8555555555555555
270,0.09065,20.0,6.96,1,0.464,5.92,0.6035015447991761,3.9175,3,223,18.6,391.34,13.65,0.3488888888888889
271,0.29916,20.0,6.96,0,0.464,5.856,0.4037075180226571,4.429,3,223,18.6,388.65,13.0,0.35777777777777786
272,0.16211,20.0,6.96,0,0.464,6.24,0.13800205973223484,4.429,3,223,18.6,396.9,6.59,0.44888888888888895
273,0.1146,20.0,6.96,0,0.464,6.538,0.5746652935118435,3.9175,3,223,18.6,394.96,7.73,0.43111111111111106
274,0.22188,20.0,6.96,1,0.464,7.691,0.5036045314109165,4.3665,3,223,18.6,390.77,6.58,0.6711111111111111
275,0.05644,40.0,6.41,1,0.447,6.758,0.30895983522142123,4.0776,4,254,17.6,396.9,3.53,0.6088888888888888
276,0.09604,40.0,6.41,0,0.447,6.854,0.41091658084449023,4.2673,4,254,17.6,396.9,2.98,0.6
277,0.10469,40.0,6.41,1,0.447,7.267,0.474768280123584,4.7872,4,254,17.6,389.25,6.05,0.6266666666666667
278,0.06127,40.0,6.41,1,0.447,6.826,0.2543769309989702,4.8628,4,254,17.6,393.45,4.16,0.6244444444444445
279,0.07978,40.0,6.41,0,0.447,6.482,0.30072090628218334,4.1403,4,254,17.6,396.9,7.19,0.5355555555555556
280,0.21038,20.0,3.33,0,0.4429,6.812,0.3017507723995881,4.1007,5,216,14.9,396.9,4.85,0.6688888888888889
281,0.03578,20.0,3.33,0,0.4429,7.82,0.6343975283213182,4.6947,5,216,14.9,387.31,3.76,0.8977777777777778
282,0.03705,20.0,3.33,0,0.4429,6.968,0.35324407826982496,5.2447,5,216,14.9,392.23,4.59,0.6755555555555555
283,0.06129,20.0,3.33,1,0.4429,7.645,0.4819773429454171,5.2119,5,216,14.9,377.07,3.01,0.9111111111111112
284,0.01501,90.0,1.21,1,0.401,7.923,0.2255406797116375,5.885,1,198,13.6,395.52,3.16,1.0
285,0.00906,90.0,2.97,0,0.4,7.088,0.18434603501544802,7.3073,1,285,15.3,394.72,7.85,0.6044444444444445
286,0.01096,55.0,2.25,0,0.389,6.453,0.29866117404737386,7.3073,1,300,15.3,394.72,8.23,0.3777777777777778
287,0.01965,80.0,1.76,0,0.385,6.23,0.2945417095777549,9.0892,1,241,18.2,341.6,12.93,0.3355555555555556
288,0.03871,52.5,5.32,0,0.405,6.209,0.29248197734294545,7.3172,6,293,16.6,396.9,7.14,0.40444444444444444
289,0.0459,52.5,5.32,0,0.405,6.315,0.4397528321318229,7.3172,6,293,16.6,396.9,7.6,0.3844444444444445
290,0.04297,52.5,5.32,0,0.405,6.565,0.2059732234809475,7.3172,6,293,16.6,371.72,9.51,0.44
291,0.03502,80.0,4.95,0,0.411,6.861,0.25746652935118436,5.1167,4,245,19.2,396.9,3.33,0.5222222222222221
292,0.07886,80.0,4.95,0,0.411,7.148,0.2554067971163749,5.1167,4,245,19.2,396.9,3.56,0.7177777777777777
293,0.03615,80.0,4.95,0,0.411,6.63,0.21112255406797117,5.1167,4,245,19.2,396.9,4.7,0.5088888888888888
294,0.08265,0.0,13.92,0,0.437,6.127,0.1596292481977343,5.5027,4,289,16.0,396.9,8.58,0.42
295,0.08199,0.0,13.92,0,0.437,6.009,0.4057672502574665,5.5027,4,289,16.0,396.9,10.4,0.3711111111111111
296,0.12932,0.0,13.92,0,0.437,6.678,0.29042224510813597,5.9604,4,289,16.0,396.9,6.27,0.5244444444444445
297,0.05372,0.0,13.92,0,0.437,6.549,0.49536560247167866,5.9604,4,289,16.0,392.85,7.39,0.4911111111111112
298,0.14103,0.0,13.92,0,0.437,5.79,0.5674562306900103,6.32,4,289,16.0,396.9,15.84,0.34
299,0.06466,70.0,2.24,0,0.4,6.345,0.17713697219361485,7.8278,5,358,14.8,368.24,4.97,0.3888888888888889
300,0.05561,70.0,2.24,0,0.4,7.041,0.07312049433573636,7.8278,5,358,14.8,371.58,4.74,0.5333333333333333
301,0.04417,70.0,2.24,0,0.4,6.871,0.45829042224510813,7.8278,5,358,14.8,390.86,6.07,0.44
302,0.03537,34.0,6.09,0,0.433,6.59,0.3861997940267765,5.4917,7,329,16.1,395.75,9.5,0.3777777777777778
303,0.09266,34.0,6.09,0,0.433,6.495,0.1596292481977343,5.4917,7,329,16.1,383.61,8.67,0.47555555555555556
304,0.1,34.0,6.09,0,0.433,6.982,0.15242018537590113,5.4917,7,329,16.1,390.43,4.86,0.6244444444444445
305,0.05515,33.0,2.18,0,0.472,7.236,0.3934088568486097,4.022,7,222,18.4,393.68,6.93,0.6911111111111111
306,0.05479,33.0,2.18,0,0.472,6.616,0.568486096807415,3.37,7,222,18.4,393.36,8.93,0.5199999999999999
307,0.07503,33.0,2.18,0,0.472,7.42,0.7106076210092689,3.0992,7,222,18.4,396.9,6.47,0.6311111111111111
308,0.04932,33.0,2.18,0,0.472,6.849,0.694129763130793,3.1827,7,222,18.4,396.9,7.53,0.5155555555555555
309,0.49298,0.0,9.9,0,0.544,6.635,0.819773429454171,3.3175,4,304,18.4,396.9,4.54,0.3955555555555556
310,0.3494,0.0,9.9,0,0.544,5.972,0.7600411946446962,3.1025,4,304,18.4,396.24,9.97,0.34
311,2.63548,0.0,9.9,0,0.544,4.973,0.35942327497425336,2.5194,4,304,18.4,350.45,12.64,0.2466666666666667
312,0.79041,0.0,9.9,0,0.544,6.122,0.5139031925849639,2.6403,4,304,18.4,396.9,5.98,0.38000000000000006
313,0.26169,0.0,9.9,0,0.544,6.023,0.9011328527291452,2.834,4,304,18.4,396.3,11.72,0.32
314,0.26938,0.0,9.9,0,0.544,6.266,0.8228630278063851,3.2628,4,304,18.4,393.39,7.9,0.36888888888888893
315,0.3692,0.0,9.9,0,0.544,6.567,0.8692070030895983,3.6023,4,304,18.4,395.69,9.28,0.41777777777777786
316,0.25356,0.0,9.9,0,0.544,5.705,0.7703398558187435,3.945,4,304,18.4,396.42,11.5,0.24888888888888888
317,0.31827,0.0,9.9,0,0.544,5.914,0.8269824922760042,3.9986,4,304,18.4,390.7,18.33,0.2844444444444445
318,0.24522,0.0,9.9,0,0.544,5.782,0.7085478887744593,4.0317,4,304,18.4,396.9,15.94,0.32888888888888895
319,0.40202,0.0,9.9,0,0.544,6.382,0.6622039134912462,3.5325,4,304,18.4,395.21,10.36,0.4022222222222223
320,0.47547,0.0,9.9,0,0.544,6.113,0.5756951596292481,4.0019,4,304,18.4,396.23,12.73,0.35555555555555557
321,0.1676,0.0,7.38,0,0.493,6.426,0.5087538619979403,4.5404,5,287,19.6,396.9,7.2,0.41777777777777786
322,0.18159,0.0,7.38,0,0.493,6.376,0.529351184346035,4.5404,5,287,19.6,396.9,6.87,0.4022222222222223
323,0.35114,0.0,7.38,0,0.493,6.041,0.4840370751802266,4.7211,5,287,19.6,396.9,7.7,0.3422222222222222
324,0.28392,0.0,7.38,0,0.493,5.708,0.7353244078269825,4.7211,5,287,19.6,391.13,11.74,0.30000000000000004
325,0.34109,0.0,7.38,0,0.493,6.415,0.38311019567456234,4.7211,5,287,19.6,396.9,6.12,0.4444444444444445
326,0.19186,0.0,7.38,0,0.493,6.431,0.121524201853759,5.4159,5,287,19.6,393.68,5.08,0.43555555555555564
327,0.30347,0.0,7.38,0,0.493,6.312,0.26776519052523173,5.4159,5,287,19.6,396.9,6.15,0.4000000000000001
328,0.24103,0.0,7.38,0,0.493,6.083,0.4201853759011329,5.4159,5,287,19.6,396.9,12.79,0.38222222222222224
329,0.06617,0.0,3.24,0,0.46,5.868,0.23583934088568487,5.2146,4,430,16.9,382.44,9.97,0.3177777777777778
330,0.06724,0.0,3.24,0,0.46,6.333,0.14727085478887744,5.2146,4,430,16.9,375.21,7.34,0.39111111111111113
331,0.04544,0.0,3.24,0,0.46,6.144,0.3017507723995881,5.8736,4,430,16.9,368.57,9.09,0.32888888888888895
332,0.05023,35.0,6.06,0,0.4379,5.706,0.262615859938208,6.6407,1,304,16.9,394.02,12.43,0.26888888888888896
333,0.03466,35.0,6.06,0,0.4379,6.031,0.21009268795056646,6.6407,1,304,16.9,362.25,7.83,0.32
334,0.05083,0.0,5.19,0,0.515,6.316,0.3625128733264676,6.4584,5,224,20.2,389.71,5.68,0.38222222222222224
335,0.03738,0.0,5.19,0,0.515,6.31,0.36663233779608656,6.4584,5,224,20.2,389.4,6.75,0.3488888888888889
336,0.03961,0.0,5.19,0,0.515,6.037,0.32543769309989706,5.9853,5,224,20.2,396.9,8.01,0.35777777777777786
337,0.03427,0.0,5.19,0,0.515,5.869,0.446961894953656,5.2311,5,224,20.2,396.9,9.8,0.32222222222222224
338,0.03041,0.0,5.19,0,0.515,5.895,0.583934088568486,5.615,5,224,20.2,394.81,10.56,0.30000000000000004
339,0.03306,0.0,5.19,0,0.515,6.059,0.35427394438722964,4.8122,5,224,20.2,396.14,8.51,0.34666666666666673
340,0.05497,0.0,5.19,0,0.515,5.985,0.4376930998970134,4.8122,5,224,20.2,396.9,9.74,0.3111111111111111
341,0.06151,0.0,5.19,0,0.515,5.968,0.572605561277034,4.8122,5,224,20.2,396.9,9.29,0.30444444444444446
342,0.01301,35.0,1.52,0,0.442,7.241,0.47785787847579814,7.0379,1,284,15.5,394.74,5.49,0.6155555555555556
343,0.02498,0.0,1.89,0,0.518,6.54,0.5849639546858908,6.2669,1,422,15.9,389.96,8.65,0.2555555555555556
344,0.02543,55.0,3.78,0,0.484,6.696,0.5509783728115345,5.7321,5,370,17.6,396.9,7.18,0.42
345,0.03049,55.0,3.78,0,0.484,6.874,0.25952626158599384,6.4654,5,370,17.6,387.97,4.61,0.5822222222222222
346,0.03113,0.0,4.39,0,0.442,6.014,0.4696189495365603,8.0136,3,352,18.8,385.64,10.53,0.2777777777777778
347,0.06162,0.0,4.39,0,0.442,5.898,0.5087538619979403,8.0136,3,352,18.8,364.61,12.67,0.27111111111111114
348,0.0187,85.0,4.15,0,0.429,6.516,0.2554067971163749,8.5353,4,351,17.9,392.43,6.36,0.4022222222222223
349,0.01501,80.0,2.01,0,0.435,6.635,0.2760041194644696,8.344,4,280,17.0,390.94,5.99,0.4333333333333334
350,0.02899,40.0,1.25,0,0.429,6.939,0.32543769309989706,8.7921,1,335,19.7,389.85,5.89,0.48000000000000004
351,0.06211,40.0,1.25,0,0.429,6.49,0.427394438722966,8.7921,1,335,19.7,396.9,5.98,0.39777777777777773
352,0.0795,60.0,1.69,0,0.411,6.579,0.33985581874356335,10.7103,4,411,18.3,370.78,5.49,0.42444444444444446
353,0.07244,60.0,1.69,0,0.411,5.884,0.16065911431513905,10.7103,4,411,18.3,392.33,7.79,0.3022222222222223
354,0.01709,90.0,2.02,0,0.41,6.728,0.34191555097837284,12.1265,5,187,17.0,384.46,4.5,0.5577777777777778
355,0.04301,80.0,1.91,0,0.413,5.663,0.1956745623069001,10.5857,4,334,22.0,382.8,8.05,0.29333333333333333
356,0.10659,80.0,1.91,0,0.413,5.936,0.17095777548918642,10.5857,4,334,22.0,376.04,5.57,0.34666666666666673
357,8.98296,0.0,18.1,1,0.77,6.212,0.9732234809474769,2.1222,24,666,20.2,377.73,17.6,0.2844444444444445
358,3.8497,0.0,18.1,1,0.77,6.395,0.9073120494335736,2.5052,24,666,20.2,391.34,13.27,0.3711111111111111
359,5.20177,0.0,18.1,1,0.77,6.127,0.8290422245108137,2.7227,24,666,20.2,395.43,11.48,0.39333333333333337
360,4.26131,0.0,18.1,0,0.77,6.112,0.8074150360453141,2.5091,24,666,20.2,390.74,12.67,0.39111111111111113
361,4.54192,0.0,18.1,0,0.77,6.398,0.8764160659114315,2.5182,24,666,20.2,374.56,7.79,0.4444444444444445
362,3.83684,0.0,18.1,0,0.77,6.251,0.9083419155509783,2.2955,24,666,20.2,350.65,14.19,0.3311111111111111
363,3.67822,0.0,18.1,0,0.77,5.362,0.96086508753862,2.1036,24,666,20.2,380.79,10.19,0.35111111111111115
364,4.22239,0.0,18.1,1,0.77,5.803,0.8867147270854789,1.9047,24,666,20.2,353.04,14.64,0.26222222222222225
365,3.47428,0.0,18.1,1,0.718,8.78,0.82389289392379,1.9047,24,666,20.2,354.55,5.29,0.37555555555555553
366,4.55587,0.0,18.1,0,0.718,3.561,0.8753861997940269,1.6132,24,666,20.2,354.7,7.12,0.5
367,3.69695,0.0,18.1,0,0.718,4.963,0.9114315139031927,1.7523,24,666,20.2,316.03,14.0,0.37555555555555553
368,13.5222,0.0,18.1,0,0.631,3.863,1.0,1.5106,24,666,20.2,131.42,13.33,0.4022222222222223
369,4.89822,0.0,18.1,0,0.631,4.97,1.0,1.3325,24,666,20.2,375.52,3.26,1.0
370,5.66998,0.0,18.1,1,0.631,6.683,0.9670442842430483,1.3567,24,666,20.2,375.33,3.73,1.0
371,6.53876,0.0,18.1,1,0.631,7.016,0.9742533470648815,1.2024,24,666,20.2,392.05,2.96,1.0
372,9.2323,0.0,18.1,0,0.631,6.216,1.0,1.1691,24,666,20.2,366.15,9.53,1.0
373,8.26725,0.0,18.1,1,0.668,5.875,0.8928939237899073,1.1296,24,666,20.2,347.88,8.88,1.0
374,11.1081,0.0,18.1,0,0.668,4.906,1.0,1.1742,24,666,20.2,396.9,34.77,0.1955555555555556
375,18.4982,0.0,18.1,0,0.668,4.138,1.0,1.137,24,666,20.2,396.9,37.97,0.1955555555555556
376,19.6091,0.0,18.1,0,0.671,7.313,0.9783728115345005,1.3163,24,666,20.2,396.9,13.44,0.22222222222222227
377,15.288,0.0,18.1,0,0.671,6.649,0.9309989701338826,1.3449,24,666,20.2,363.02,23.24,0.19777777777777783
378,9.82349,0.0,18.1,0,0.671,6.794,0.9876416065911431,1.358,24,666,20.2,396.9,21.24,0.18444444444444447
379,23.6482,0.0,18.1,0,0.671,6.38,0.96086508753862,1.3861,24,666,20.2,396.9,23.69,0.18
380,17.8667,0.0,18.1,0,0.671,6.223,1.0,1.3861,24,666,20.2,393.74,21.78,0.11555555555555554
381,88.9762,0.0,18.1,0,0.671,6.968,0.9165808444902164,1.4165,24,666,20.2,396.9,17.21,0.12000000000000001
382,15.8744,0.0,18.1,0,0.671,6.545,0.9907312049433572,1.5192,24,666,20.2,396.9,21.08,0.13111111111111112
383,9.18702,0.0,18.1,0,0.7,5.536,1.0,1.5804,24,666,20.2,396.9,23.6,0.14
384,7.99248,0.0,18.1,0,0.7,5.52,1.0,1.5331,24,666,20.2,396.9,24.56,0.16222222222222227
385,20.0849,0.0,18.1,0,0.7,4.368,0.9093717816683832,1.4395,24,666,20.2,285.83,30.63,0.08444444444444445
386,16.8118,0.0,18.1,0,0.7,5.277,0.98043254376931,1.4261,24,666,20.2,396.9,30.81,0.048888888888888885
387,24.3938,0.0,18.1,0,0.7,4.652,1.0,1.4672,24,666,20.2,396.9,28.28,0.12222222222222222
388,22.5971,0.0,18.1,0,0.7,5.0,0.8918640576725025,1.5184,24,666,20.2,396.9,31.99,0.05333333333333333
389,14.3337,0.0,18.1,0,0.7,4.88,1.0,1.5895,24,666,20.2,372.92,30.62,0.11555555555555554
390,8.15174,0.0,18.1,0,0.7,5.39,0.9886714727085479,1.7281,24,666,20.2,396.9,20.85,0.1444444444444445
391,6.96215,0.0,18.1,0,0.7,5.713,0.9691040164778579,1.9265,24,666,20.2,394.43,17.11,0.22444444444444445
392,5.29305,0.0,18.1,0,0.7,6.051,0.819773429454171,2.1678,24,666,20.2,378.38,18.76,0.40444444444444444
393,11.5779,0.0,18.1,0,0.7,5.036,0.9691040164778579,1.77,24,666,20.2,396.9,25.68,0.10444444444444444
394,8.64476,0.0,18.1,0,0.693,6.193,0.9237899073120494,1.7912,24,666,20.2,396.9,15.17,0.1955555555555556
395,13.3598,0.0,18.1,0,0.693,5.887,0.945417095777549,1.7821,24,666,20.2,396.9,16.35,0.1711111111111111
396,8.71675,0.0,18.1,0,0.693,6.471,0.9876416065911431,1.7257,24,666,20.2,391.98,17.12,0.18
397,5.87205,0.0,18.1,0,0.693,6.405,0.9588053553038105,1.6768,24,666,20.2,396.9,19.37,0.16666666666666669
398,7.67202,0.0,18.1,0,0.693,5.747,0.9886714727085479,1.6334,24,666,20.2,393.1,19.92,0.07777777777777777
399,38.3518,0.0,18.1,0,0.693,5.453,1.0,1.4896,24,666,20.2,396.9,30.59,0.0
400,9.91655,0.0,18.1,0,0.693,5.852,0.7713697219361483,1.5004,24,666,20.2,338.16,29.97,0.028888888888888895
401,25.0461,0.0,18.1,0,0.693,5.987,1.0,1.5888,24,666,20.2,396.9,26.77,0.013333333333333322
402,14.2362,0.0,18.1,0,0.693,6.343,1.0,1.5741,24,666,20.2,396.9,20.32,0.048888888888888885
403,9.59571,0.0,18.1,0,0.693,6.404,1.0,1.639,24,666,20.2,376.11,20.31,0.1577777777777778
404,24.8017,0.0,18.1,0,0.693,5.349,0.9588053553038105,1.7028,24,666,20.2,396.9,19.77,0.07333333333333335
405,41.5292,0.0,18.1,0,0.693,5.531,0.8496395468589084,1.6074,24,666,20.2,329.46,27.38,0.07777777777777777
406,67.9208,0.0,18.1,0,0.693,5.683,1.0,1.4254,24,666,20.2,384.97,22.98,0.0
407,20.7162,0.0,18.1,0,0.659,4.138,1.0,1.1781,24,666,20.2,370.22,23.34,0.15333333333333338
408,11.9511,0.0,18.1,0,0.659,5.608,1.0,1.2852,24,666,20.2,332.09,12.13,0.5088888888888888
409,7.40389,0.0,18.1,0,0.597,5.617,0.9783728115345005,1.4547,24,666,20.2,314.64,26.4,0.27111111111111114
410,14.4383,0.0,18.1,0,0.597,6.852,1.0,1.4655,24,666,20.2,179.36,19.78,0.5
411,51.1358,0.0,18.1,0,0.597,5.757,1.0,1.413,24,666,20.2,2.6,10.11,0.22222222222222227
412,14.0507,0.0,18.1,0,0.597,6.657,1.0,1.5275,24,666,20.2,35.05,21.22,0.27111111111111114
413,18.811,0.0,18.1,0,0.597,4.628,1.0,1.5539,24,666,20.2,28.79,34.37,0.2866666666666667
414,28.6558,0.0,18.1,0,0.597,5.155,1.0,1.5894,24,666,20.2,210.97,20.08,0.2511111111111112
415,45.7461,0.0,18.1,0,0.693,4.519,1.0,1.6582,24,666,20.2,88.27,36.98,0.04444444444444444
416,18.0846,0.0,18.1,0,0.679,6.434,1.0,1.8347,24,666,20.2,27.25,29.05,0.048888888888888885
417,10.8342,0.0,18.1,0,0.679,6.782,0.9052523171987641,1.8195,24,666,20.2,21.57,25.79,0.055555555555555566
418,25.9406,0.0,18.1,0,0.679,5.304,0.8877445932028836,1.6475,24,666,20.2,127.36,26.64,0.12000000000000001
419,73.5341,0.0,18.1,0,0.679,5.957,1.0,1.8026,24,666,20.2,16.45,20.62,0.08444444444444445
420,11.8123,0.0,18.1,0,0.718,6.824,0.7579814624098867,1.794,24,666,20.2,48.45,22.74,0.07555555555555556
421,11.0874,0.0,18.1,0,0.718,6.411,1.0,1.8589,24,666,20.2,318.75,15.02,0.26
422,7.02259,0.0,18.1,0,0.718,6.006,0.9515962924819773,1.8746,24,666,20.2,319.98,15.7,0.20444444444444443
423,12.0482,0.0,18.1,0,0.614,5.648,0.8722966014418125,1.9512,24,666,20.2,291.55,14.1,0.35111111111111115
424,7.05042,0.0,18.1,0,0.614,6.103,0.8465499485066941,2.0218,24,666,20.2,2.52,23.29,0.1866666666666667
425,8.79212,0.0,18.1,0,0.584,5.565,0.6972193614830071,2.0635,24,666,20.2,3.65,17.16,0.1488888888888889
426,15.8603,0.0,18.1,0,0.679,5.896,0.9526261585993822,1.9096,24,666,20.2,7.68,24.39,0.07333333333333335
427,12.2472,0.0,18.1,0,0.584,5.837,0.5849639546858908,1.9976,24,666,20.2,24.65,15.69,0.11555555555555554
428,37.6619,0.0,18.1,0,0.679,6.202,0.780638516992791,1.8629,24,666,20.2,18.82,14.52,0.13111111111111112
429,7.36711,0.0,18.1,0,0.679,6.193,0.7744593202883624,1.9356,24,666,20.2,96.73,21.52,0.13333333333333336
430,9.33889,0.0,18.1,0,0.679,6.38,0.9546858908341915,1.9682,24,666,20.2,60.72,24.08,0.09999999999999999
431,8.49213,0.0,18.1,0,0.584,6.348,0.8568486096807414,2.0527,24,666,20.2,83.45,17.64,0.21111111111111114
432,10.0623,0.0,18.1,0,0.584,6.833,0.94129763130793,2.0882,24,666,20.2,81.33,19.69,0.20222222222222225
433,6.44405,0.0,18.1,0,0.584,6.425,0.7404737384140061,2.2004,24,666,20.2,97.95,12.03,0.2466666666666667
434,5.58107,0.0,18.1,0,0.713,6.436,0.8753861997940269,2.3158,24,666,20.2,100.19,16.22,0.20666666666666672
435,13.9134,0.0,18.1,0,0.713,6.208,0.9485066941297631,2.2222,24,666,20.2,100.63,15.17,0.1488888888888889
436,11.1604,0.0,18.1,0,0.74,6.629,0.9443872296601441,2.1247,24,666,20.2,109.85,23.27,0.1866666666666667
437,14.4208,0.0,18.1,0,0.74,6.461,0.9309989701338826,2.0026,24,666,20.2,27.49,18.05,0.10222222222222223
438,15.1772,0.0,18.1,0,0.74,6.152,1.0,1.9142,24,666,20.2,9.32,26.45,0.08222222222222221
439,13.6781,0.0,18.1,0,0.74,5.935,0.8753861997940269,1.8206,24,666,20.2,68.95,34.02,0.07555555555555556
440,9.39063,0.0,18.1,0,0.74,5.627,0.9371781668383111,1.8172,24,666,20.2,396.9,22.88,0.17333333333333334
441,22.0511,0.0,18.1,0,0.74,5.818,0.92173017507724,1.8662,24,666,20.2,391.45,22.11,0.12222222222222222
442,9.72418,0.0,18.1,0,0.74,6.406,0.9711637487126674,2.0651,24,666,20.2,385.96,19.52,0.26888888888888896
443,5.66637,0.0,18.1,0,0.74,6.219,1.0,2.0048,24,666,20.2,395.69,16.59,0.29777777777777775
444,9.96654,0.0,18.1,0,0.74,6.485,1.0,1.9784,24,666,20.2,386.73,18.85,0.23111111111111116
445,12.8023,0.0,18.1,0,0.74,5.854,0.9649845520082388,1.8956,24,666,20.2,240.52,23.79,0.1288888888888889
446,10.6718,0.0,18.1,0,0.74,6.459,0.9464469618949536,1.9879,24,666,20.2,43.06,23.98,0.15111111111111114
447,6.28807,0.0,18.1,0,0.74,6.341,0.9629248197734295,2.072,24,666,20.2,318.01,17.79,0.22000000000000003
448,9.92485,0.0,18.1,0,0.74,6.251,0.9649845520082388,2.198,24,666,20.2,388.52,16.44,0.16888888888888892
449,9.32909,0.0,18.1,0,0.713,6.185,0.9866117404737385,2.2616,24,666,20.2,396.9,18.13,0.20222222222222225
450,7.52601,0.0,18.1,0,0.713,6.417,0.9824922760041195,2.185,24,666,20.2,304.21,19.31,0.1777777777777778
451,6.71772,0.0,18.1,0,0.713,6.749,0.9237899073120494,2.3236,24,666,20.2,0.32,17.44,0.1866666666666667
452,5.44114,0.0,18.1,0,0.713,6.655,0.9814624098867148,2.3552,24,666,20.2,355.29,17.73,0.22666666666666668
453,5.09017,0.0,18.1,0,0.713,6.297,0.9155509783728115,2.3682,24,666,20.2,385.09,17.27,0.2466666666666667
454,8.24809,0.0,18.1,0,0.713,7.393,0.9927909371781669,2.4527,24,666,20.2,375.87,16.74,0.2844444444444445
455,9.51363,0.0,18.1,0,0.713,6.728,0.9392378990731204,2.4961,24,666,20.2,6.68,18.71,0.22000000000000003
456,4.75237,0.0,18.1,0,0.713,6.525,0.8609680741503605,2.4358,24,666,20.2,50.92,18.13,0.20222222222222225
457,4.66883,0.0,18.1,0,0.713,5.976,0.8753861997940269,2.5806,24,666,20.2,10.48,19.01,0.1711111111111111
458,8.20058,0.0,18.1,0,0.713,5.936,0.7971163748712667,2.7792,24,666,20.2,3.5,16.94,0.18888888888888888
459,7.75223,0.0,18.1,0,0.713,6.301,0.8321318228630278,2.7831,24,666,20.2,272.21,16.23,0.22000000000000003
460,6.80117,0.0,18.1,0,0.713,6.081,0.839340885684861,2.7175,24,666,20.2,396.9,14.7,0.33333333333333337
461,4.81213,0.0,18.1,0,0.713,6.701,0.8970133882595263,2.5975,24,666,20.2,255.23,16.42,0.2533333333333333
462,3.69311,0.0,18.1,0,0.713,6.376,0.8805355303810505,2.5671,24,666,20.2,391.43,14.65,0.2822222222222222
463,6.65492,0.0,18.1,0,0.713,6.317,0.8249227600411946,2.7344,24,666,20.2,396.9,13.99,0.32222222222222224
464,5.82115,0.0,18.1,0,0.713,6.513,0.8959835221421216,2.8016,24,666,20.2,393.82,10.29,0.3377777777777778
465,7.83932,0.0,18.1,0,0.655,6.209,0.6436663233779609,2.9634,24,666,20.2,396.9,13.22,0.36444444444444446
466,3.1636,0.0,18.1,0,0.655,5.759,0.4665293511843461,3.0665,24,666,20.2,334.4,14.13,0.3311111111111111
467,3.77498,0.0,18.1,0,0.655,5.952,0.8424304840370752,2.8715,24,666,20.2,22.01,17.15,0.3111111111111111
468,4.42228,0.0,18.1,0,0.584,6.003,0.9433573635427395,2.5403,24,666,20.2,331.29,21.32,0.3133333333333334
469,15.5757,0.0,18.1,0,0.58,5.926,0.7013388259526261,2.9084,24,666,20.2,368.74,18.13,0.3133333333333334
470,13.0751,0.0,18.1,0,0.58,5.713,0.5540679711637487,2.8237,24,666,20.2,396.9,14.76,0.3355555555555556
471,4.34879,0.0,18.1,0,0.58,6.167,0.835221421215242,3.0334,24,666,20.2,396.9,16.29,0.3311111111111111
472,4.03841,0.0,18.1,0,0.532,6.229,0.9042224510813595,3.0993,24,666,20.2,395.33,12.87,0.3244444444444445
473,3.56868,0.0,18.1,0,0.58,6.437,0.7425334706488156,2.8965,24,666,20.2,393.37,14.36,0.40444444444444444
474,4.64689,0.0,18.1,0,0.614,6.98,0.666323377960865,2.5329,24,666,20.2,374.68,11.66,0.5511111111111111
475,8.05579,0.0,18.1,0,0.584,5.427,0.9526261585993822,2.4298,24,666,20.2,352.58,18.14,0.1955555555555556
476,6.39312,0.0,18.1,0,0.584,6.162,0.9732234809474769,2.206,24,666,20.2,302.76,24.1,0.18444444444444447
477,4.87141,0.0,18.1,0,0.614,6.484,0.9340885684860968,2.3053,24,666,20.2,396.21,18.68,0.26
478,15.0234,0.0,18.1,0,0.614,5.304,0.972193614830072,2.1007,24,666,20.2,349.48,24.91,0.15555555555555556
479,10.233,0.0,18.1,0,0.614,6.185,0.9660144181256437,2.1705,24,666,20.2,379.7,18.03,0.21333333333333332
480,14.3337,0.0,18.1,0,0.614,6.229,0.8764160659114315,1.9512,24,666,20.2,383.32,13.11,0.36444444444444446
481,5.82401,0.0,18.1,0,0.532,6.242,0.6364572605561277,3.4242,24,666,20.2,396.9,10.74,0.4000000000000001
482,5.70818,0.0,18.1,0,0.532,6.75,0.741503604531411,3.3317,24,666,20.2,393.07,7.74,0.4155555555555555
483,5.73116,0.0,18.1,0,0.532,7.061,0.7631307929969104,3.4106,24,666,20.2,395.28,7.01,0.4444444444444445
484,2.81838,0.0,18.1,0,0.532,5.762,0.38516992790937177,4.0983,24,666,20.2,392.92,10.42,0.37333333333333335
485,2.37857,0.0,18.1,0,0.583,5.871,0.4016477857878476,3.724,24,666,20.2,370.73,13.34,0.34666666666666673
486,3.67367,0.0,18.1,0,0.583,6.312,0.5046343975283213,3.9917,24,666,20.2,388.62,10.58,0.36
487,5.69175,0.0,18.1,0,0.583,6.114,0.791967044284243,3.5459,24,666,20.2,392.68,14.98,0.3133333333333334
488,4.83567,0.0,18.1,0,0.583,5.905,0.518022657054583,3.1523,24,666,20.2,388.22,11.45,0.34666666666666673
489,0.15086,0.0,27.74,0,0.609,5.454,0.9248197734294542,1.8209,4,711,20.1,395.09,18.06,0.22666666666666668
490,0.18337,0.0,27.74,0,0.609,5.414,0.9824922760041195,1.7554,4,711,20.1,344.05,23.97,0.04444444444444444
491,0.20746,0.0,27.74,0,0.609,5.093,0.9794026776519054,1.8226,4,711,20.1,318.43,29.68,0.06888888888888887
492,0.10574,0.0,27.74,0,0.609,5.983,0.9876416065911431,1.8681,4,711,20.1,390.11,18.07,0.19111111111111112
493,0.11132,0.0,27.74,0,0.609,5.983,0.8300720906282183,2.1099,4,711,20.1,396.9,13.35,0.3355555555555556
494,0.17331,0.0,9.69,0,0.585,5.707,0.5262615859938208,2.3817,6,391,19.2,396.9,12.01,0.37333333333333335
495,0.27957,0.0,9.69,0,0.585,5.926,0.4088568486096808,2.3817,6,391,19.2,396.9,13.59,0.4333333333333334
496,0.17899,0.0,9.69,0,0.585,5.67,0.266735324407827,2.7986,6,391,19.2,393.29,17.6,0.4022222222222223
497,0.2896,0.0,9.69,0,0.585,5.39,0.7209062821833162,2.7986,6,391,19.2,396.9,21.14,0.32666666666666666
498,0.26838,0.0,9.69,0,0.585,5.794,0.6972193614830071,2.8927,6,391,19.2,396.9,14.1,0.29555555555555557
499,0.23912,0.0,9.69,0,0.585,6.019,0.6426364572605561,2.4091,6,391,19.2,396.9,12.92,0.36
500,0.17783,0.0,9.69,0,0.585,5.569,0.7270854788877446,2.3999,6,391,19.2,395.77,15.1,0.2777777777777778
501,0.22438,0.0,9.69,0,0.585,6.027,0.7909371781668383,2.4982,6,391,19.2,396.9,14.33,0.26222222222222225
502,0.06263,0.0,11.93,0,0.573,6.593,0.6817713697219361,2.4786,1,273,21.0,391.99,9.67,0.38666666666666666
503,0.04527,0.0,11.93,0,0.573,6.12,0.7600411946446962,2.2875,1,273,21.0,396.9,9.08,0.34666666666666673
504,0.06076,0.0,11.93,0,0.573,6.976,0.9073120494335736,2.1675,1,273,21.0,396.9,5.64,0.42
505,0.10959,0.0,11.93,0,0.573,6.794,0.8898043254376931,2.3889,1,273,21.0,393.45,6.48,0.3777777777777778
506,0.04741,0.0,11.93,0,0.573,6.03,0.8022657054582903,2.505,1,273,21.0,396.9,7.88,0.15333333333333338
